date,bvol
2017-01-01,1.89
2017-01-02,2.75
2017-01-03,2.02
2017-01-04,5.67
2017-01-05,16.86
2017-01-06,11.08
2017-01-07,8.64
2017-01-08,4.95
2017-01-09,4.45
2017-01-10,2.47
2017-01-11,10.96
2017-01-12,6.94
2017-01-13,4.82
2017-01-14,3.41
2017-01-15,2.12
2017-01-16,2.19
2017-01-17,3.81
2017-01-18,4.45
2017-01-19,2.77
2017-01-20,2.03
2017-01-21,2.99
2017-01-22,3.37
2017-01-23,2.15
2017-01-24,3.26
2017-01-25,1.68
2017-01-26,1.22
2017-01-27,1.54
2017-01-28,0.91
2017-01-29,0.79
2017-01-30,0.85
2017-01-31,2.2
2017-02-01,1.92
2017-02-02,1.52
2017-02-03,3.04
2017-02-04,2.09
2017-02-05,1.79
2017-02-06,1.52
2017-02-07,1.24
2017-02-08,4.3
2017-02-09,8.75
2017-02-10,4.12
2017-02-11,2.11
2017-02-12,1.41
2017-02-13,2.75
2017-02-14,2.62
2017-02-15,1.24
2017-02-16,1.57
2017-02-17,2.45
2017-02-18,1.8
2017-02-19,1.7
2017-02-20,1.65
2017-02-21,2.65
2017-02-22,2.57
2017-02-23,2.62
2017-02-24,6.58
2017-02-25,3.36
2017-02-26,2.44
2017-02-27,2.68
2017-02-28,3.04
2017-03-01,2.12
2017-03-02,2.8
2017-03-03,2.77
2017-03-04,2.66
2017-03-05,2.27
2017-03-06,2.03
2017-03-07,4.57
2017-03-08,4.74
2017-03-09,3.14
2017-03-10,15.89
2017-03-11,4.92
2017-03-12,2.55
2017-03-13,2.52
2017-03-14,1.76
2017-03-15,1.71
2017-03-16,3.87
2017-03-17,5.94
2017-03-18,8.41
2017-03-19,5.09
2017-03-20,3.29
2017-03-21,2.88
2017-03-22,5.68
2017-03-23,3.18
2017-03-24,6.02
2017-03-25,5.42
2017-03-26,4.74
2017-03-27,3.49
2017-03-28,2.99
2017-03-29,3.08
2017-03-30,3.43
2017-03-31,3.63
2017-04-01,2.76
2017-04-02,2.98
2017-04-03,3.02
2017-04-04,2.59
2017-04-05,1.79
2017-04-06,2.04
2017-04-07,1.73
2017-04-08,1.36
2017-04-09,1.44
2017-04-10,1.21
2017-04-11,1.13
2017-04-12,1.36
2017-04-13,2.59
2017-04-14,2.2
2017-04-15,37.67
2017-04-16,2.06
2017-04-17,2.27
2017-04-18,1.75
2017-04-19,2.32
2017-04-20,1.92
2017-04-21,2.02
2017-04-22,1.74
2017-04-23,1.72
2017-04-24,1.41
2017-04-25,1.55
2017-04-26,2.48
2017-04-27,1.97
2017-04-28,3.07
2017-04-29,2.9
2017-04-30,2.96
2017-05-01,3.65
2017-05-02,3.41
2017-05-03,2.95
2017-05-04,5.19
2017-05-05,4.63
2017-05-06,3.03
2017-05-07,2.86
2017-05-08,3.92
2017-05-09,4.64
2017-05-10,2.77
2017-05-11,3.46
2017-05-12,4.78
2017-05-13,5.09
2017-05-14,3.54
2017-05-15,4.43
2017-05-16,3.89
2017-05-17,5.9
2017-05-18,3.59
2017-05-19,3.17
2017-05-20,3.13
2017-05-21,4.26
2017-05-22,6.8
2017-05-23,4.53
2017-05-24,4.97
2017-05-25,11.31
2017-05-26,13.02
2017-05-27,10.68
2017-05-28,7.04
2017-05-29,4.97
2017-05-30,5.51
2017-05-31,4.97
2017-06-01,4.18
2017-06-02,3.03
2017-06-03,2.96
2017-06-04,3.41
2017-06-05,2.79
2017-06-06,5.27
2017-06-07,4.89
2017-06-08,3.55
2017-06-09,2.62
2017-06-10,3.46
2017-06-11,2.46
2017-06-12,7.8
2017-06-13,4.21
2017-06-14,7.1
2017-06-15,9.02
2017-06-16,4.74
2017-06-17,3.73
2017-06-18,4.63
2017-06-19,3.31
2017-06-20,3.43
2017-06-21,4.98
2017-06-22,3.56
2017-06-23,2.64
2017-06-24,4.24
2017-06-25,4.34
2017-06-26,5.75
2017-06-27,5.42
2017-06-28,4.3
2017-06-29,3.38
2017-06-30,3.08
2017-07-01,3.51
2017-07-02,3.21
2017-07-03,2.82
2017-07-04,2.8
2017-07-05,2.18
2017-07-06,2.74
2017-07-07,2.67
2017-07-08,2.76
2017-07-09,2.32
2017-07-10,4.4
2017-07-11,4.59
2017-07-12,3.91
2017-07-13,2.69
2017-07-14,4.19
2017-07-15,6.29
2017-07-16,6.84
2017-07-17,4.99
2017-07-18,5.44
2017-07-19,4.87
2017-07-20,7.39
2017-07-21,6.97
2017-07-22,4.38
2017-07-23,4.82
2017-07-24,3.18
2017-07-25,5.73
2017-07-26,5.77
2017-07-27,3.43
2017-07-28,3.91
2017-07-29,4.09
2017-07-30,5
2017-07-31,4.15
2017-08-01,6.23
2017-08-02,3.39
2017-08-03,2.13
2017-08-04,2.57
2017-08-05,6.37
2017-08-06,4.26
2017-08-07,3.61
2017-08-08,3.53
2017-08-09,4.11
2017-08-10,2.73
2017-08-11,3.06
2017-08-12,4.93
2017-08-13,6.4
2017-08-14,4.46
2017-08-15,6.76
2017-08-16,5.21
2017-08-17,5.37
2017-08-18,4.63
2017-08-19,4.54
2017-08-20,3.98
2017-08-21,3.67
2017-08-22,5.6
2017-08-23,4.01
2017-08-24,3.19
2017-08-25,3.31
2017-08-26,2.51
2017-08-27,2.51
2017-08-28,2.58
2017-08-29,3.16
2017-08-30,2.56
2017-08-31,2.27
2017-09-01,2.37
2017-09-02,5.69
2017-09-03,4.16
2017-09-04,5.98
2017-09-05,5.2
2017-09-06,3.63
2017-09-07,3
2017-09-08,6.04
2017-09-09,4.37
2017-09-10,4.42
2017-09-11,4.23
2017-09-12,3.67
2017-09-13,5.75
2017-09-14,8.15
2017-09-15,10.52
2017-09-16,7.18
2017-09-17,5.34
2017-09-18,5.15
2017-09-19,4.81
2017-09-20,3.5
2017-09-21,4.85
2017-09-22,4.53
2017-09-23,3.27
2017-09-24,3.03
2017-09-25,3.64
2017-09-26,2.47
2017-09-27,2.73
2017-09-28,2.53
2017-09-29,3.24
2017-09-30,2.27
2017-10-01,2.12
2017-10-02,2.47
2017-10-03,2.95
2017-10-04,2.45
2017-10-05,2.37
2017-10-06,2.18
2017-10-07,1.89
2017-10-08,2.25
2017-10-09,3.08
2017-10-10,2.8
2017-10-11,2.4
2017-10-12,3.89
2017-10-13,5.91
2017-10-14,3.04
2017-10-15,4.17
2017-10-16,2.94
2017-10-17,2.76
2017-10-18,4.45
2017-10-19,3.21
2017-10-20,3.35
2017-10-21,3.58
2017-10-22,3.91
2017-10-23,4.47
2017-10-24,4.77
2017-10-25,4.14
2017-10-26,3.41
2017-10-27,2.92
2017-10-28,2.27
2017-10-29,3.73
2017-10-30,2.83
2017-10-31,2.58
2017-11-01,2.63
2017-11-02,6.13
2017-11-03,3.93
2017-11-04,3.37
2017-11-05,3.57
2017-11-06,4.29
2017-11-07,3.23
2017-11-08,5.85
2017-11-09,3.82
2017-11-10,5.22
2017-11-11,5.33
2017-11-12,9.98
2017-11-13,6.55
2017-11-14,3.72
2017-11-15,3.97
2017-11-16,4.21
2017-11-17,4.61
2017-11-18,3.62
2017-11-19,2.86
2017-11-20,2.24
2017-11-21,4.48
2017-11-22,2.5
2017-11-23,2.36
2017-11-24,2.92
2017-11-25,2.58
2017-11-26,4.52
2017-11-27,3.57
2017-11-28,2.65
2017-11-29,12.87
2017-11-30,10.29
2017-12-01,7.12
2017-12-02,4.49
2017-12-03,7.23
2017-12-04,5.44
2017-12-05,3.94
2017-12-06,6.23
2017-12-07,14.96
2017-12-08,12.97
2017-12-09,9.65
2017-12-10,12.41
2017-12-11,6.39
2017-12-12,5.68
2017-12-13,5.83
2017-12-14,5.03
2017-12-15,4.3
2017-12-16,3.37
2017-12-17,4.46
2017-12-18,5.49
2017-12-19,5.99
2017-12-20,11.62
2017-12-21,7.7
2017-12-22,22.4
2017-12-23,10.35
2017-12-24,10.85
2017-12-25,7.36
2017-12-26,6.49
2017-12-27,7.16
2017-12-28,10.2
2017-12-29,6.34
2017-12-30,8.95
2017-12-31,7.43
2018-01-01,6.22
2018-01-02,6.66
2018-01-03,5.06
2018-01-04,4.8
2018-01-05,4.86
2018-01-06,4.12
2018-01-07,4.04
2018-01-08,7.92
2018-01-09,5.87
2018-01-10,6.84
2018-01-11,10.46
2018-01-12,6.31
2018-01-13,4.48
2018-01-14,5.22
2018-01-15,4.36
2018-01-16,14.88
2018-01-17,17.12
2018-01-18,10.79
2018-01-19,7.62
2018-01-20,6.5
2018-01-21,7.84
2018-01-22,9.58
2018-01-23,10
2018-01-24,7.05
2018-01-25,5.77
2018-01-26,6.81
2018-01-27,5.26
2018-01-28,3.66
2018-01-29,4.17
2018-01-30,7.07
2018-01-31,7.16
2018-02-01,8.94
2018-02-02,12.8
2018-02-03,8.1
2018-02-04,9.76
2018-02-05,15.05
2018-02-06,18.45
2018-02-07,11.34
2018-02-08,8.7
2018-02-09,7.13
2018-02-10,6.92
2018-02-11,6.82
2018-02-12,5.93
2018-02-13,4.87
2018-02-14,4.21
2018-02-15,6.11
2018-02-16,4.52
2018-02-17,4.56
2018-02-18,6.6
2018-02-19,5.47
2018-02-20,5.26
2018-02-21,7.31
2018-02-22,6.76
2018-02-23,5.85
2018-02-24,5.87
2018-02-25,4.67
2018-02-26,4.99
2018-02-27,3.94
2018-02-28,4.65
2018-03-01,3.86
2018-03-02,3.33
2018-03-03,2.84
2018-03-04,2.71
2018-03-05,2.41
2018-03-06,3.64
2018-03-07,6.76
2018-03-08,6.55
2018-03-09,9.56
2018-03-10,5.35
2018-03-11,6.19
2018-03-12,6.87
2018-03-13,6.99
2018-03-14,6.25
2018-03-15,7.41
2018-03-16,5.52
2018-03-17,5.25
2018-03-18,7.61
2018-03-19,6.71
2018-03-20,4.76
2018-03-21,4.33
2018-03-22,4.01
2018-03-23,4.2
2018-03-24,3.9
2018-03-25,4
2018-03-26,4.56
2018-03-27,5.13
2018-03-28,3.4
2018-03-29,6.33
2018-03-30,8.69
2018-03-31,5.27
2018-04-01,5.51
2018-04-02,4.14
2018-04-03,3.82
2018-04-04,4.55
2018-04-05,5.17
2018-04-06,3.66
2018-04-07,3.32
2018-04-08,2.48
2018-04-09,3.82
2018-04-10,2.67
2018-04-11,1.89
2018-04-12,6.03
2018-04-13,4.6
2018-04-14,3.71
2018-04-15,3.02
2018-04-16,3.61
2018-04-17,2.88
2018-04-18,3.21
2018-04-19,2.66
2018-04-20,3.11
2018-04-21,3.05
2018-04-22,3.01
2018-04-23,2.11
2018-04-24,3.41
2018-04-25,5.85
2018-04-26,4.25
2018-04-27,3.12
2018-04-28,3.29
2018-04-29,2.79
2018-04-30,2.64
2018-05-01,2.9
2018-05-02,1.98
2018-05-03,2.87
2018-05-04,3.07
2018-05-05,2.33
2018-05-06,2.65
2018-05-07,3.12
2018-05-08,2.61
2018-05-09,2.5
2018-05-10,2.75
2018-05-11,3.86
2018-05-12,4.12
2018-05-13,3.15
2018-05-14,4.28
2018-05-15,4.07
2018-05-16,4.72
2018-05-17,3.64
2018-05-18,3.54
2018-05-19,2.46
2018-05-20,2.35
2018-05-21,2.42
2018-05-22,2.51
2018-05-23,4.08
2018-05-24,4.2
2018-05-25,3.7
2018-05-26,2.85
2018-05-27,2.98
2018-05-28,3.08
2018-05-29,3.38
2018-05-30,2.51
2018-05-31,2.39
2018-06-01,2.77
2018-06-02,2.3
2018-06-03,2.02
2018-06-04,2.4
2018-06-05,2.6
2018-06-06,2.39
2018-06-07,1.88
2018-06-08,1.85
2018-06-09,1.8
2018-06-10,4.41
2018-06-11,3.28
2018-06-12,3.42
2018-06-13,5.01
2018-06-14,4.04
2018-06-15,3.27
2018-06-16,2.8
2018-06-17,1.98
2018-06-18,2.98
2018-06-19,2.14
2018-06-20,2.48
2018-06-21,1.75
2018-06-22,4.75
2018-06-23,2.86
2018-06-24,4.51
2018-06-25,3.3
2018-06-26,3.09
2018-06-27,2.77
2018-06-28,2.87
2018-06-29,3.93
2018-06-30,3.22
2018-07-01,2.49
2018-07-02,2.99
2018-07-03,2.2
2018-07-04,3.13
2018-07-05,3.34
2018-07-06,2.28
2018-07-07,2.58
2018-07-08,1.83
2018-07-09,2.11
2018-07-10,2.79
2018-07-11,2.15
2018-07-12,2.86
2018-07-13,2.04
2018-07-14,1.87
2018-07-15,1.57
2018-07-16,2.51
2018-07-17,4.09
2018-07-18,3.63
2018-07-19,2.62
2018-07-20,3.47
2018-07-21,2.08
2018-07-22,2.75
2018-07-23,3.1
2018-07-24,3.57
2018-07-25,2.76
2018-07-26,2.78
2018-07-27,2.79
2018-07-28,1.73
2018-07-29,1.56
2018-07-30,2.9
2018-07-31,3.18
2018-08-01,2.92
2018-08-02,2.11
2018-08-03,2.55
2018-08-04,3.02
2018-08-05,2.74
2018-08-06,2.53
2018-08-07,3.22
2018-08-08,4.96
2018-08-09,3.66
2018-08-10,5.15
2018-08-11,4.96
2018-08-12,4.47
2018-08-13,3.12
2018-08-14,4.56
2018-08-15,4.7
2018-08-16,3.57
2018-08-17,3.38
2018-08-18,2.72
2018-08-19,2.25
2018-08-20,2.84
2018-08-21,2.34
2018-08-22,4.92
2018-08-23,2.48
2018-08-24,2.34
2018-08-25,2.14
2018-08-26,2.06
2018-08-27,2.14
2018-08-28,2.29
2018-08-29,2.08
2018-08-30,2.22
2018-08-31,1.99
2018-09-01,2.1
2018-09-02,2.04
2018-09-03,1.79
2018-09-04,1.57
2018-09-05,4.11
2018-09-06,4.97
2018-09-07,2.37
2018-09-08,3.14
2018-09-09,3.08
2018-09-10,2.22
2018-09-11,2.41
2018-09-12,1.83
2018-09-13,2.1
2018-09-14,2.5
2018-09-15,1.54
2018-09-16,1.84
2018-09-17,2.43
2018-09-18,1.68
2018-09-19,3.9
2018-09-20,2.43
2018-09-21,2.46
2018-09-22,1.99
2018-09-23,1.19
2018-09-24,1.7
2018-09-25,2.29
2018-09-26,1.4
2018-09-27,1.97
2018-09-28,2.43
2018-09-29,1.94
2018-09-30,1.48
2018-10-01,1.49
2018-10-02,1.48
2018-10-03,1.51
2018-10-04,1.39
2018-10-05,1.68
2018-10-06,0.75
2018-10-07,0.82
2018-10-08,1.07
2018-10-09,0.56
2018-10-10,1.45
2018-10-11,3.53
2018-10-12,1.38
2018-10-13,0.74
2018-10-14,1.07
2018-10-15,4.63
2018-10-16,1.29
2018-10-17,0.7
2018-10-18,1.11
2018-10-19,0.71
2018-10-20,0.76
2018-10-21,0.7
2018-10-22,0.62
2018-10-23,0.64
2018-10-24,0.78
2018-10-25,0.69
2018-10-26,0.88
2018-10-27,0.49
2018-10-28,0.45
2018-10-29,1.5
2018-10-30,0.69
2018-10-31,1.11
2018-11-01,0.57
2018-11-02,0.58
2018-11-03,0.5
2018-11-04,0.96
2018-11-05,0.6
2018-11-06,0.67
2018-11-07,1.17
2018-11-08,1.2
2018-11-09,0.98
2018-11-10,0.65
2018-11-11,0.86
2018-11-12,0.72
2018-11-13,1.04
2018-11-14,6.33
2018-11-15,5.56
2018-11-16,2.46
2018-11-17,1.47
2018-11-18,1.79
2018-11-19,6.33
2018-11-20,10.46
2018-11-21,7.24
2018-11-22,4.25
2018-11-23,5.39
2018-11-24,6.34
2018-11-25,10.17
2018-11-26,9.14
2018-11-27,7.02
2018-11-28,6.18
2018-11-29,5.5
2018-11-30,5.95
2018-12-01,4.62
2018-12-02,4.99
2018-12-03,5.03
2018-12-04,4.76
2018-12-05,4.3
2018-12-06,6.86
2018-12-07,7.56
2018-12-08,5.7
2018-12-09,4.15
2018-12-10,5.02
2018-12-11,3.44
2018-12-12,3.17
2018-12-13,3.68
2018-12-14,3.71
2018-12-15,2.9
2018-12-16,2.23
2018-12-17,4.2
2018-12-18,3.71
2018-12-19,4.53
2018-12-20,6.96
2018-12-21,5.94
2018-12-22,4.17
2018-12-23,3.78
2018-12-24,5.09
2018-12-25,5.9
2018-12-26,3.81
2018-12-27,3.79
2018-12-28,4.6
2018-12-29,4.15
2018-12-30,4.12
2018-12-31,3.95
2019-01-01,3
2019-01-02,2.98
2019-01-03,2.45
2019-01-04,2.36
2019-01-05,2.35
2019-01-06,3.69
2019-01-07,2.8
2019-01-08,2.61
2019-01-09,2.13
2019-01-10,5.05
2019-01-11,2.93
2019-01-12,2.19
2019-01-13,3.08
2019-01-14,3.42
2019-01-15,2.93
2019-01-16,2.36
2019-01-17,2.33
2019-01-18,1.42
2019-01-19,2.53
2019-01-20,3.07
2019-01-21,1.99
2019-01-22,3.36
2019-01-23,1.74
2019-01-24,1.51
2019-01-25,1.7
2019-01-26,1.98
2019-01-27,1.74
2019-01-28,2.73
2019-01-29,1.92
2019-01-30,1.74
2019-01-31,1.39
2019-02-01,1.59
2019-02-02,1.56
2019-02-03,1.39
2019-02-04,1.13
2019-02-05,0.97
2019-02-06,1.81
2019-02-07,0.89
2019-02-08,3.71
2019-02-09,1.41
2019-02-10,1.59
2019-02-11,2.02
2019-02-12,1.83
2019-02-13,1.32
2019-02-14,1.37
2019-02-15,1.47
2019-02-16,1.41
2019-02-17,2.04
2019-02-18,3.66
2019-02-19,2.93
2019-02-20,1.77
2019-02-21,2.06
2019-02-22,1.51
2019-02-23,2.81
2019-02-24,5.13
2019-02-25,2.34
2019-02-26,1.79
2019-02-27,2.84
2019-02-28,2.7
2019-03-01,1.51
2019-03-02,1.42
2019-03-03,1.29
2019-03-04,1.96
2019-03-05,2.36
2019-03-06,1.53
2019-03-07,1.8
2019-03-08,2.11
2019-03-09,1.9
2019-03-10,1.26
2019-03-11,1.7
2019-03-12,1.28
2019-03-13,1
2019-03-14,2.16
2019-03-15,1.13
2019-03-16,2
2019-03-17,1.14
2019-03-18,1.3
2019-03-19,0.96
2019-03-20,1.35
2019-03-21,1.74
2019-03-22,0.72
2019-03-23,0.89
2019-03-24,0.92
2019-03-25,1.36
2019-03-26,0.89
2019-03-27,1.29
2019-03-28,0.92
2019-03-29,1.58
2019-03-30,1.39
2019-03-31,0.71
2019-04-01,1.5
2019-04-02,7.64
2019-04-03,6.99
2019-04-04,4.2
2019-04-05,3.06
2019-04-06,3.98
2019-04-07,3.77
2019-04-08,3.76
2019-04-09,2.88
2019-04-10,3.5
2019-04-11,3.95
2019-04-12,2.59
2019-04-13,1.73
2019-04-14,1.92
2019-04-15,2.83
2019-04-16,2.27
2019-04-17,2.31
2019-04-18,2.13
2019-04-19,2.25
2019-04-20,1.87
2019-04-21,1.95
2019-04-22,2.45
2019-04-23,3.07
2019-04-24,2.95
2019-04-25,4.09
2019-04-26,3.29
2019-04-27,1.74
2019-04-28,1.69
2019-04-29,2.05
2019-04-30,1.87
2019-05-01,1.51
2019-05-02,1.71
2019-05-03,3.67
2019-05-04,3.43
2019-05-05,2.53
2019-05-06,2.76
2019-05-07,3.7
2019-05-08,3.32
2019-05-09,2.73
2019-05-10,3.28
2019-05-11,6.34
2019-05-12,8.45
2019-05-13,7.37
2019-05-14,7.36
2019-05-15,5.45
2019-05-16,6.06
2019-05-17,11.14
2019-05-18,4.26
2019-05-19,5.67
2019-05-20,6.15
2019-05-21,4.06
2019-05-22,4.43
2019-05-23,3.58
2019-05-24,2.87
2019-05-25,2.04
2019-05-26,4.41
2019-05-27,3.86
2019-05-28,3.49
2019-05-29,2.5
2019-05-30,5.26
2019-05-31,3.57
2019-06-01,2.1
2019-06-02,2.68
2019-06-03,4.15
2019-06-04,5.67
2019-06-05,3.98
2019-06-06,3.23
2019-06-07,2.92
2019-06-08,2.55
2019-06-09,3.06
2019-06-10,3.53
2019-06-11,2.68
2019-06-12,3.3
2019-06-13,2.28
2019-06-14,2.64
2019-06-15,2.28
2019-06-16,4.92
2019-06-17,3.92
2019-06-18,3.31
2019-06-19,2.15
2019-06-20,2.41
2019-06-21,3.55
2019-06-22,7.27
2019-06-23,4.89
2019-06-24,3.66
2019-06-25,4.38
2019-06-26,14.06
2019-06-27,12.28
2019-06-28,8.19
2019-06-29,7.17
2019-06-30,6.94
2019-07-01,7.31
2019-07-02,7.95
2019-07-03,6.99
2019-07-04,5.56
2019-07-05,5.54
2019-07-06,4.89
2019-07-07,3.93
2019-07-08,3.97
2019-07-09,5.29
2019-07-10,6.58
2019-07-11,6.62
2019-07-12,4.19
2019-07-13,4.77
2019-07-14,6.38
2019-07-15,6.58
2019-07-16,7.8
2019-07-17,6.68
2019-07-18,7.33
2019-07-19,6.28
2019-07-20,4.32
2019-07-21,3.81
2019-07-22,4.53
2019-07-23,3.77
2019-07-24,4.15
2019-07-25,3.68
2019-07-26,3.07
2019-07-27,5.12
2019-07-28,4.66
2019-07-29,3.24
2019-07-30,2.68
2019-07-31,2.82
2019-08-01,2.58
2019-08-02,2.73
2019-08-03,2.66
2019-08-04,2.79
2019-08-05,3.66
2019-08-06,5.17
2019-08-07,5
2019-08-08,3.62
2019-08-09,3.08
2019-08-10,3.91
2019-08-11,2.32
2019-08-12,2.02
2019-08-13,2.48
2019-08-14,4.25
2019-08-15,5.17
2019-08-16,4.99
2019-08-17,3.56
2019-08-18,2.64
2019-08-19,2.76
2019-08-20,2.39
2019-08-21,3.86
2019-08-22,3.36
2019-08-23,2.57
2019-08-24,2.79
2019-08-25,3.14
2019-08-26,3.58
2019-08-27,2.37
2019-08-28,3.36
2019-08-29,2.9
2019-08-30,2.35
2019-08-31,1.77
2019-09-01,1.99
2019-09-02,2.55
2019-09-03,2.83
2019-09-04,2.82
2019-09-05,2.31
2019-09-06,3.74
2019-09-07,1.89
2019-09-08,2.29
2019-09-09,2.88
2019-09-10,2.45
2019-09-11,2.4
2019-09-12,1.78
2019-09-13,1.7
2019-09-14,1.51
2019-09-15,1.01
2019-09-16,2.03
2019-09-17,1.48
2019-09-18,1.4
2019-09-19,3.45
2019-09-20,1.61
2019-09-21,1.78
2019-09-22,1.78
2019-09-23,3.02
2019-09-24,6.43
2019-09-25,4.73
2019-09-26,5.78
2019-09-27,3.28
2019-09-28,2.87
2019-09-29,2.63
2019-09-30,4.12
2019-10-01,3.1
2019-10-02,2.27
2019-10-03,2.21
2019-10-04,2.05
2019-10-05,1.72
2019-10-06,3.1
2019-10-07,2.73
2019-10-08,1.85
2019-10-09,3.16
2019-10-10,1.74
2019-10-11,3.06
2019-10-12,1.36
2019-10-13,2.36
2019-10-14,1.98
2019-10-15,2.49
2019-10-16,1.85
2019-10-17,1.5
2019-10-18,2.13
2019-10-19,2.15
2019-10-20,1.99
2019-10-21,1.78
2019-10-22,1.83
2019-10-23,4.29
2019-10-24,1.72
2019-10-25,5.75
2019-10-26,10.96
2019-10-27,5.76
2019-10-28,4.56
2019-10-29,4.23
2019-10-30,3.23
2019-10-31,3.13
2019-11-01,2.89
2019-11-02,2.01
2019-11-03,1.76
2019-11-04,2.4
2019-11-05,2.38
2019-11-06,1.56
2019-11-07,1.63
2019-11-08,3.03
2019-11-09,1.73
2019-11-10,3.09
2019-11-11,2.63
2019-11-12,2.63
2019-11-13,1.5
2019-11-14,1.78
2019-11-15,2.96
2019-11-16,1.43
2019-11-17,1.78
2019-11-18,2.55
2019-11-19,1.98
2019-11-20,1.82
2019-11-21,3.73
2019-11-22,7.03
2019-11-23,2.9
2019-11-24,3.72
2019-11-25,6.39
2019-11-26,3.91
2019-11-27,4.81
2019-11-28,2.97
2019-11-29,3.46
2019-11-30,2.58
2019-12-01,3.11
2019-12-02,2.88
2019-12-03,1.92
2019-12-04,5.49
2019-12-05,3.53
2019-12-06,3.02
2019-12-07,1.63
2019-12-08,1.61
2019-12-09,2.68
2019-12-10,1.98
2019-12-11,1.48
2019-12-12,2.34
2019-12-13,1.28
2019-12-14,1.72
2019-12-15,1.83
2019-12-16,2.72
2019-12-17,2.88
2019-12-18,5.35
2019-12-19,2.83
2019-12-20,1.84
2019-12-21,1.16
2019-12-22,2.45
2019-12-23,3.21
2019-12-24,2.55
2019-12-25,1.88
2019-12-26,2.32
2019-12-27,1.97
2019-12-28,1.57
2019-12-29,1.65
2019-12-30,1.39
2019-12-31,1.51
2020-01-01,1.08
2020-01-02,1.69
2020-01-03,3.88
2020-01-04,1.62
2020-01-05,1.79
2020-01-06,2.35
2020-01-07,3.38
2020-01-08,4.41
2020-01-09,2.85
2020-01-10,3.61
2020-01-11,2.59
2020-01-12,1.81
2020-01-13,1.26
2020-01-14,4.17
2020-01-15,3.32
2020-01-16,2.36
2020-01-17,2.7
2020-01-18,1.77
2020-01-19,4.92
2020-01-20,2.03
2020-01-21,2.09
2020-01-22,1.57
2020-01-23,2.35
2020-01-24,2.08
2020-01-25,1.52
2020-01-26,1.72
2020-01-27,2.27
2020-01-28,3.18
2020-01-29,2.61
2020-01-30,2.65
2020-01-31,1.87
2020-02-01,1.54
2020-02-02,2.04
2020-02-03,3.14
2020-02-04,1.88
2020-02-05,2.14
2020-02-06,2.6
2020-02-07,1.78
2020-02-08,1.86
2020-02-09,1.78
2020-02-10,3.13
2020-02-11,2.65
2020-02-12,2.35
2020-02-13,3.82
2020-02-14,2.07
2020-02-15,2.89
2020-02-16,2.5
2020-02-17,2.99
2020-02-18,2.71
2020-02-19,4.61
2020-02-20,2.87
2020-02-21,2.16
2020-02-22,1.23
2020-02-23,1.95
2020-02-24,2.82
2020-02-25,2.93
2020-02-26,3.98
2020-02-27,3.52
2020-02-28,3.74
2020-02-29,2.1
2020-03-01,2.97
2020-03-02,2.29
2020-03-03,2.59
2020-03-04,1.89
2020-03-05,2.13
2020-03-06,1.61
2020-03-07,2.19
2020-03-08,3.42
2020-03-09,5.27
2020-03-10,3.82
2020-03-11,3.55
2020-03-12,22.66
2020-03-13,27.78
2020-03-14,9.26
2020-03-15,9.46
2020-03-16,15.05
2020-03-17,8.47
2020-03-18,7.84
2020-03-19,7.95
2020-03-20,10.48
2020-03-21,7.76
2020-03-22,6.96
2020-03-23,8.24
2020-03-24,6.51
2020-03-25,5.66
2020-03-26,3.86
2020-03-27,4.47
2020-03-28,4.89
2020-03-29,3.56
2020-03-30,4.44
2020-03-31,3.08
2020-04-01,4.25
2020-04-02,6.03
2020-04-03,4.48
2020-04-04,4.6
2020-04-05,2.82
2020-04-06,3.81
2020-04-07,3.7
2020-04-08,3.11
2020-04-09,2.76
2020-04-10,3.86
2020-04-11,2.14
2020-04-12,2.78
2020-04-13,4.78
2020-04-14,2.67
2020-04-15,2.52
2020-04-16,5.18
2020-04-17,2.56
2020-04-18,2.26
2020-04-19,2.15
2020-04-20,3.42
2020-04-21,2.77
2020-04-22,2.08
2020-04-23,4.04
2020-04-24,2.4
2020-04-25,2.33
2020-04-26,2.38
2020-04-27,2.57
2020-04-28,1.59
2020-04-29,5.42
2020-04-30,6.69
2020-05-01,3.78
2020-05-02,2.62
2020-05-03,3.76
2020-05-04,3.23
2020-05-05,3.31
2020-05-06,3.39
2020-05-07,4.56
2020-05-08,3.11
2020-05-09,3.11
2020-05-10,10.99
2020-05-11,7.75
2020-05-12,3.98
2020-05-13,3.23
2020-05-14,4.57
2020-05-15,5.01
2020-05-16,3.16
2020-05-17,2.94
2020-05-18,3.33
2020-05-19,3.08
2020-05-20,3.37
2020-05-21,3.93
2020-05-22,2.71
2020-05-23,1.97
2020-05-24,3.28
2020-05-25,2.9
2020-05-26,2.55
2020-05-27,2.45
2020-05-28,2.49
2020-05-29,2.4
2020-05-30,2.55
2020-05-31,2.23
2020-06-01,3.44
2020-06-02,5.43
2020-06-03,2.11
2020-06-04,2.67
2020-06-05,2.42
2020-06-06,1.8
2020-06-07,2.27
2020-06-08,1.74
2020-06-09,2.86
2020-06-10,2.35
2020-06-11,3.7
2020-06-12,1.94
2020-06-13,1.4
2020-06-14,1.55
2020-06-15,2.93
2020-06-16,2.07
2020-06-17,1.89
2020-06-18,1.65
2020-06-19,1.76
2020-06-20,1.65
2020-06-21,1.14
2020-06-22,1.63
2020-06-23,1.26
2020-06-24,2.38
2020-06-25,2.25
2020-06-26,2.31
2020-06-27,2.39
2020-06-28,1.57
2020-06-29,1.52
2020-06-30,1.19
2020-07-01,1.44
2020-07-02,1.99
2020-07-03,0.93
2020-07-04,1.27
2020-07-05,1.6
2020-07-06,1.45
2020-07-07,1.09
2020-07-08,1.46
2020-07-09,1.64
2020-07-10,1.2
2020-07-11,1.15
2020-07-12,1.49
2020-07-13,1.24
2020-07-14,1.44
2020-07-15,0.87
2020-07-16,1.12
2020-07-17,0.76
2020-07-18,0.69
2020-07-19,0.93
2020-07-20,0.73
2020-07-21,1.25
2020-07-22,1.22
2020-07-23,1.59
2020-07-24,1.18
2020-07-25,1.32
2020-07-26,2.52
2020-07-27,5.52
2020-07-28,4.47
2020-07-29,3.39
2020-07-30,2.25
2020-07-31,2.46
2020-08-01,3.11
2020-08-02,7.39
2020-08-03,2.42
2020-08-04,2.34
2020-08-05,2.63
2020-08-06,2.31
2020-08-07,2.52
2020-08-08,1.82
2020-08-09,1.77
2020-08-10,3.85
2020-08-11,3.27
2020-08-12,2.2
2020-08-13,2.78
2020-08-14,1.85
2020-08-15,2.13
2020-08-16,1.58
2020-08-17,3.45
2020-08-18,3.02
2020-08-19,2.69
2020-08-20,1.46
2020-08-21,2.05
2020-08-22,1.62
2020-08-23,1.14
2020-08-24,1.14
2020-08-25,2.38
2020-08-26,1.84
2020-08-27,2.37
2020-08-28,1.51
2020-08-29,1.22
2020-08-30,1.42
2020-08-31,1.49
2020-09-01,2.02
2020-09-02,2.97
2020-09-03,5.68
2020-09-04,4.76
2020-09-05,5.68
2020-09-06,3.1
2020-09-07,3.39
2020-09-08,4
2020-09-09,2.13
2020-09-10,2.31
2020-09-11,1.66
2020-09-12,1.23
2020-09-13,1.84
2020-09-14,1.99
2020-09-15,2.29
2020-09-16,2.15
2020-09-17,1.86
2020-09-18,1.35
2020-09-19,1.46
2020-09-20,1.6
2020-09-21,2.52
2020-09-22,1.86
2020-09-23,2
2020-09-24,2.18
2020-09-25,1.68
2020-09-26,1.38
2020-09-27,1.36
2020-09-28,1.84
2020-09-29,1.34
2020-09-30,1.34
2020-10-01,2.08
2020-10-02,1.95
2020-10-03,0.97
2020-10-04,1.01
2020-10-05,1.2
2020-10-06,1.56
2020-10-07,0.88
2020-10-08,1.61
2020-10-09,1.29
2020-10-10,2.51
2020-10-11,1.41
2020-10-12,2.36
2020-10-13,1.64
2020-10-14,1.58
2020-10-15,1.71
2020-10-16,1.67
2020-10-17,1.06
2020-10-18,0.96
2020-10-19,1.68
2020-10-20,2.01
2020-10-21,3.88
2020-10-22,2.8
2020-10-23,1.82
2020-10-24,1.79
2020-10-25,2.43
2020-10-26,2.12
2020-10-27,2.44
2020-10-28,3.02
2020-10-29,2.5
2020-10-30,2.82
2020-10-31,2.88
2020-11-01,1.95
2020-11-02,2.37
2020-11-03,2.64
2020-11-04,3.27
2020-11-05,4.03
2020-11-06,4.22
2020-11-07,4.15
2020-11-08,2.75
2020-11-09,4.12
2020-11-10,2.46
2020-11-11,2.63
2020-11-12,3.63
2020-11-13,2.32
2020-11-14,2.22
2020-11-15,1.91
2020-11-16,2.34
2020-11-17,3.31
2020-11-18,5.39
2020-11-19,3.32
2020-11-20,3.11
2020-11-21,2.95
2020-11-22,3.42
2020-11-23,3.83
2020-11-24,3.83
2020-11-25,3.85
2020-11-26,8.24
2020-11-27,4.81
2020-11-28,2.99
2020-11-29,2.76
2020-11-30,4.31
2020-12-01,6.83
2020-12-02,4.46
2020-12-03,2.93
2020-12-04,3.2
2020-12-05,2.2
2020-12-06,1.97
2020-12-07,1.88
2020-12-08,2.9
2020-12-09,3.34
2020-12-10,2.47
2020-12-11,3.17
2020-12-12,2
2020-12-13,2.1
2020-12-14,2.02
2020-12-15,2.16
2020-12-16,3.88
2020-12-17,6.94
2020-12-18,3.6
2020-12-19,3.51
2020-12-20,3.56
2020-12-21,5.13
2020-12-22,3.86
2020-12-23,4.96
2020-12-24,3.67
2020-12-25,3.75
2020-12-26,3.84
2020-12-27,6.79
2020-12-28,4.23
2020-12-29,3.82
2020-12-30,4.61
2020-12-31,4.34
2021-01-01,3
2021-01-02,6.17
2021-01-03,6.39
2021-01-04,10.03
2021-01-05,7.18
2021-01-06,6.75
2021-01-07,7.9
2021-01-08,8.95
2021-01-09,5.7
2021-01-10,7.97
2021-01-11,16.26
2021-01-12,9.11
2021-01-13,7.77
2021-01-14,5.44
2021-01-15,7.51
2021-01-16,6
2021-01-17,5.72
2021-01-18,5.03
2021-01-19,4.69
2021-01-20,5.81
2021-01-21,8.66
2021-01-22,8
2021-01-23,5.14
2021-01-24,4.19
2021-01-25,5.41
2021-01-26,6.07
2021-01-27,6.86
2021-01-28,5.22
2021-01-29,11.57
2021-01-30,6.13
2021-01-31,4.62
2021-02-01,5.06
2021-02-02,4.18
2021-02-03,3.83
2021-02-04,4.89
2021-02-05,3.66
2021-02-06,4.23
2021-02-07,4.55
2021-02-08,7.57
2021-02-09,6.25
2021-02-10,5.25
2021-02-11,5.41
2021-02-12,4.78
2021-02-13,3.64
2021-02-14,3.35
2021-02-15,4.7
2021-02-16,5.11
2021-02-17,3.98
2021-02-18,2.94
2021-02-19,3.9
2021-02-20,4.6
2021-02-21,3.33
2021-02-22,9.09
2021-02-23,12.77
2021-02-24,6.86
2021-02-25,6.17
2021-02-26,8.57
2021-02-27,5.19
2021-02-28,6.56
2021-03-01,4.72
2021-03-02,4.6
2021-03-03,4.31
2021-03-04,5.91
2021-03-05,5.01
2021-03-06,3.35
2021-03-07,3.47
2021-03-08,3.94
2021-03-09,3.49
2021-03-10,4.49
2021-03-11,4.43
2021-03-12,4.25
2021-03-13,3.93
2021-03-14,3.15
2021-03-15,5.6
2021-03-16,5.11
2021-03-17,4.24
2021-03-18,3.78
2021-03-19,3.69
2021-03-20,3.03
2021-03-21,3.79
2021-03-22,4.1
2021-03-23,4.02
2021-03-24,4.88
2021-03-25,5.28
2021-03-26,3.46
2021-03-27,3.07
2021-03-28,2.74
2021-03-29,3.22
2021-03-30,2.56
2021-03-31,3.91
2021-04-01,2.74
2021-04-02,2.33
2021-04-03,2.69
2021-04-04,2.39
2021-04-05,2.25
2021-04-06,2.56
2021-04-07,3.72
2021-04-08,2.37
2021-04-09,1.98
2021-04-10,2.94
2021-04-11,2.42
2021-04-12,2.52
2021-04-13,2.9
2021-04-14,4.29
2021-04-15,2.52
2021-04-16,3.35
2021-04-17,2.78
2021-04-18,8.86
2021-04-19,4.4
2021-04-20,4.67
2021-04-21,3.95
2021-04-22,6.15
2021-04-23,6.87
2021-04-24,4.26
2021-04-25,4.13
2021-04-26,4.64
2021-04-27,3.04
2021-04-28,3.58
2021-04-29,3.34
2021-04-30,3.04
2021-05-01,2.59
2021-05-02,2.67
2021-05-03,3.17
2021-05-04,5
2021-05-05,4.1
2021-05-06,3.79
2021-05-07,3.81
2021-05-08,3.31
2021-05-09,3.4
2021-05-10,4.48
2021-05-11,3.88
2021-05-12,5.61
2021-05-13,9.88
2021-05-14,4.16
2021-05-15,5.63
2021-05-16,7.36
2021-05-17,8.54
2021-05-18,6.55
2021-05-19,18.69
2021-05-20,11.87
2021-05-21,12.77
2021-05-22,8.55
2021-05-23,12.47
2021-05-24,8.43
2021-05-25,6.93
2021-05-26,5.57
2021-05-27,5.35
2021-05-28,7.15
2021-05-29,7.12
2021-05-30,4.7
2021-05-31,4.85
2021-06-01,4.99
2021-06-02,3.64
2021-06-03,3.3
2021-06-04,4.84
2021-06-05,4.99
2021-06-06,3.36
2021-06-07,5.03
2021-06-08,5.85
2021-06-09,6.04
2021-06-10,5.31
2021-06-11,4.4
2021-06-12,4.33
2021-06-13,4.1
2021-06-14,4.17
2021-06-15,3.86
2021-06-16,4.96
2021-06-17,3.44
2021-06-18,3.97
2021-06-19,3.9
2021-06-20,4.64
2021-06-21,8.52
2021-06-22,8.82
2021-06-23,6.14
2021-06-24,4.36
2021-06-25,5.83
2021-06-26,6.32
2021-06-27,5.12
2021-06-28,4.15
2021-06-29,4.07
2021-06-30,3.93
2021-07-01,4.09
2021-07-02,3.58
2021-07-03,2.57
2021-07-04,2.19
2021-07-05,3.32
2021-07-06,3.65
2021-07-07,2.74
2021-07-08,3.66
2021-07-09,2.77
2021-07-10,2.35
2021-07-11,2.23
2021-07-12,2.56
2021-07-13,2.49
2021-07-14,3.2
2021-07-15,3.11
2021-07-16,3
2021-07-17,2.57
2021-07-18,2.26
2021-07-19,2.57
2021-07-20,3.39
2021-07-21,4.31
2021-07-22,2.76
2021-07-23,2.33
2021-07-24,2.28
2021-07-25,2.68
2021-07-26,8.8
2021-07-27,4.57
2021-07-28,5.13
2021-07-29,3.42
2021-07-30,4.33
2021-07-31,2.97
2021-08-01,3.64
2021-08-02,3.37
2021-08-03,3.89
2021-08-04,2.97
2021-08-05,4.34
2021-08-06,4.29
2021-08-07,4.15
2021-08-08,4.17
2021-08-09,4.63
2021-08-10,3.31
2021-08-11,2.92
2021-08-12,3.2
2021-08-13,3.13
2021-08-14,3.01
2021-08-15,3.01
2021-08-16,3.33
2021-08-17,3.72
2021-08-18,3.24
2021-08-19,3.31
2021-08-20,2.8
2021-08-21,2.72
2021-08-22,2.33
2021-08-23,2.46
2021-08-24,2.74
2021-08-25,2.81
2021-08-26,3.28
2021-08-27,3.03
2021-08-28,1.77
2021-08-29,2.46
2021-08-30,2.51
2021-08-31,2.62
2021-09-01,2.66
2021-09-02,2.56
2021-09-03,3.07
2021-09-04,2.12
2021-09-05,2.2
2021-09-06,1.98
2021-09-07,8.96
2021-09-08,4.42
2021-09-09,3.39
2021-09-10,3.47
2021-09-11,2.42
2021-09-12,2.46
2021-09-13,5.46
2021-09-14,3.02
2021-09-15,2.14
2021-09-16,2.56
2021-09-17,2.4
2021-09-18,2.03
2021-09-19,2.19
2021-09-20,5.5
2021-09-21,6.88
2021-09-22,4.31
2021-09-23,3.13
2021-09-24,5.11
2021-09-25,3.37
2021-09-26,4.02
2021-09-27,3.5
2021-09-28,3.76
2021-09-29,3.1
2021-09-30,3.43
2021-10-01,4.45
2021-10-02,2.43
2021-10-03,2.6
2021-10-04,3.68
2021-10-05,2.97
2021-10-06,5.1
2021-10-07,3.51
2021-10-08,2.97
2021-10-09,2.18
2021-10-10,3.15
2021-10-11,2.86
2021-10-12,3.56
2021-10-13,3.31
2021-10-14,2.89
2021-10-15,3.85
2021-10-16,2.6
2021-10-17,2.96
2021-10-18,3.28
2021-10-19,3.22
2021-10-20,2.72
2021-10-21,5.27
2021-10-22,3.42
2021-10-23,2.65
2021-10-24,2.95
2021-10-25,2.31
2021-10-26,2.82
2021-10-27,3.77
2021-10-28,5.52
2021-10-29,3.11
2021-10-30,2.25
2021-10-31,2.54
2021-11-01,3.09
2021-11-02,2.73
2021-11-03,3.65
2021-11-04,2.55
2021-11-05,2.28
2021-11-06,2.09
2021-11-07,1.96
2021-11-08,2.62
2021-11-09,2.52
2021-11-10,5.15
2021-11-11,2.68
2021-11-12,3.14
2021-11-13,2.02
2021-11-14,2.21
2021-11-15,2.3
2021-11-16,4.93
2021-11-17,4.03
2021-11-18,4.6
2021-11-19,3.16
2021-11-20,2.43
2021-11-21,2.38
2021-11-22,4.1
2021-11-23,3.85
2021-11-24,3.07
2021-11-25,2.47
2021-11-26,4.33
2021-11-27,2.71
2021-11-28,3.3
2021-11-29,2.74
2021-11-30,4.27
2021-12-01,3.43
2021-12-02,3.24
2021-12-03,4.36
2021-12-04,11.85
2021-12-05,4.19
2021-12-06,4.72
2021-12-07,3.22
2021-12-08,3.3
2021-12-09,3.55
2021-12-10,3.74